"","Building Address","Year Built"
"1","425 2ND ST",1919
"2","2550 Taylor St",1973
"3","2540 NEWHALL ST.",0
"4","855 JACKSON ST",1958
"5","3743 MISSION ST",1926
"6","2900 GEARY BLVD",1929
"7","962 BATTERY ST",1910
"8","720 WASHINGTON ST",1964
"9","721 FILBERT ST",1907
"10","123 MISSION ST",1987
"11","190 Otis Street",1909
"12","564 BUSH ST",1907
"13","101 CALIFORNIA ST",1983
"14","601 BRANNAN ST",0
"15","972 MISSION ST",1925
"16","665 GRANT AVE",1908
"17","220 GRANT AVE",1908
"18","240 GOLDEN GATE AVE",1907
"19","450 10TH ST",1994
"20","69 GREEN ST",1986
"21","2551 MISSION ST",1912
"22","808 BRANNAN ST",1930
"23","401 TARAVAL ST",1972
"24","2140 PALOU AVE",1976
"25","2415 IRVING ST",1950
"26","475 BEACH ST",1983
"27","414 BRANNAN ST",1924
"28","450 OFARRELL ST",1923
"29","251 KEARNY ST",1908
"30","181 2ND ST",1911
"31","333 SCHWERIN ST",1955
"32","9 PETER YORKE WAY",1962
"33","250 VALENCIA ST",1907
"34","350 Bush St",2018
"35","650 POTRERO AVE",1936
"36","601 3RD ST",1920
"37","100 BROADWAY",1927
"38","346 9TH ST",1920
"39","2330 POLK ST",1926
"40","345 SPEAR ST",1991
"41","624 POST ST",1907
"42","2255 HAYES ST",1939
"43","220 POST ST",1907
"44","432 POWELL ST",1930
"45","1522 BUSH ST",1916
"46","2675 GEARY BLVD",1961
"47","631 GRANT AVE",1908
"48","590 20th St",1916
"49","400 POST ST",1909
"50","851 HOWARD ST",1924
"51","1025 HOWARD ST",1939
"52","130 BATTERY ST",1986
"53","1265 BATTERY ST",1982
"54","2300 16TH ST",1900
"55","1150 VICENTE ST",1988
"56","2205 MISSION ST",1919
"57","225 BAY SHORE BLVD",0
"58","559 CLAY ST",1906
"59","555 FULTON ST",1957
"60","300 4TH STREET",1984
"61","3535 GEARY BLVD",1936
"62","650 CALIFORNIA ST",1963
"63","2645 OCEAN AVE",1963
"64","325 9TH ST",1919
"65","2525 16TH ST",1924
"66","1900 19TH AVE",0
"67","2973 16TH ST",1925
"68","545 MISSION ST",1906
"69","88 MISSOURI ST",1931
"70","1019 MARKET ST",1909
"71","1045 BRYANT ST",1916
"72","655 ELLIS ST",1969
"73","930 VAN NESS AVE",1919
"74","929 CLAY ST",1981
"75","938 HOWARD ST",1924
"76","1509-1519 03RD ST",2021
"77","1 CALIFORNIA ST",1969
"78","45 FREMONT ST",1978
"79","2159 Chestnut St",1914
"80","55 CYRIL MAGNIN ST",1983
"81","22 BATTERY ST",1908
"82","969 MARKET ST",1909
"83","290 DIVISION ST",1924
"84","100 POST ST",1909
"85","150 GOLDEN GATE AVE",1912
"86","832 SANSOME ST",1912
"87","550 TOWNSEND ST",1979
"88","1700 MONTGOMERY ST",1976
"89","132 2ND ST",1907
"90","2701 MISSION ST",1947
"91","617 BRYANT ST",1986
"92","140 CHESTNUT ST",1906
"93","940 SUTTER ST",1925
"94","950 TENNESSEE ST",1947
"95","909 MONTGOMERY ST",1983
"96","120 8TH ST",1925
"97","342 GRANT AVE",1912
"98","333 BRANNAN ST",1972
"99","2460 ALAMEDA ST",2009
"100","600 TOWNSEND ST",1989
"101","5825 MISSION ST",1989
"102","5268 DIAMOND HEIGHTS BLVD",1964
"103","440 ALABAMA ST",1946
"104","101 MONTGOMERY ST",1984
"105","100 Channel Street",2023
"106","2 NEW MONTGOMERY ST",1909
"107","460 TOWNSEND ST",1915
"108","999 California St",1926
"109","2340 STOCKTON ST",1970
"110","1500 POLK ST",1970
"111","211 MAIN ST",1973
"112","398 KANSAS ST",1912
"113","270 Brannan Street",2017
"114","2340 CHESTNUT ST",1937
"115","2195 FULTON ST",2000
"116","431 SUTTER ST",1909
"117","50 FRANCISCO ST",1976
"118","2720 TAYLOR ST",1974
"119","1680 EVANS AVE",1948
"120","1850 MISSION ST",1946
"121","275 BATTERY ST",1989
"122","157 BLUXOME ST",1916
"123","181 3RD ST",1999
"124","2043 19TH AVE",1968
"125","550 CALIFORNIA ST",1960
"126","1155 BATTERY ST",1982
"127","1115 MARKET ST",1920
"128","366 CLEMENTINA ST",1949
"129","417 STOCKTON ST",1907
"130","950 BATTERY ST",1932
"131","1337 SUTTER ST",1910
"132","630 TREAT AVE",1920
"133","900 NORTH POINT ST.",0
"134","815 EDDY ST",1986
"135","1940 LOMBARD ST",1980
"136","400 SUTTER ST",1907
"137","332 PINE ST",1912
"138","1501 CUSTER AVE",1964
"139","170 O'FARRELL ST",1946
"140","859 OFARRELL ST",1907
"141","401 MASON ST",1916
"142","461 BUSH ST",1907
"143","250 10TH ST",2020
"144","1075 SUTTER ST",1924
"145","2065 OAKDALE AVE",1964
"146","895 OFARRELL ST",1924
"147","360 18TH AVE",1935
"148","1015 FOLSOM ST",1932
"149","65 BATTERY ST",1918
"150","200 JENNINGS ST",1982
"151","2295 TAYLOR ST",1919
"152","111 PINE ST",1963
"153","425 CALIFORNIA ST",1968
"154","355 OCEAN AVE",1968
"155","3175 17TH ST",1926
"156","785 MARKET ST",1907
"157","816 WASHINGTON ST",1907
"158","1355 SUTTER ST",1975
"159","827 HYDE ST",1907
"160","4645 Mission St",1922
"161","218 STOCKTON ST",1908
"162","355 SUTTER ST",1910
"163","85 West Portal Ave.",1925
"164","429 CASTRO ST",1922
"165","433 CALIFORNIA ST",1913
"166","2075 FOLSOM ST",1969
"167","1555 Union St",1955
"168","350 RHODE ISLAND - NORTH",2002
"169","1960 FOLSOM ST",1937
"170","558 SACRAMENTO ST",1907
"171","259 POST ST",1909
"172","433 TURK ST",1907
"173","3220 SACRAMENTO ST",1924
"174","274 BRANNAN ST",1923
"175","755 Ocean Ave",1955
"176","501 BUCKINGHAM WAY",1948
"177","60 2ND ST",1906
"178","6 7TH ST",1909
"179","2233 POST ST",1961
"180","4545 GEARY BLVD",1941
"181","474 OFARRELL ST",1913
"182","140 NEW MONTGOMERY ST",1925
"183","1167-1199 SUTTER ST",1910
"184","50 BEALE ST",1967
"185","180 HUBBELL ST",1900
"186","2550 IRVING ST",1966
"187","735 MARKET ST",1907
"188","2345 HARRISON ST",1924
"189","233 SANSOME ST",1924
"190","1940 BRYANT ST.",1923
"191","843 STOCKTON ST",1908
"192","630 3RD ST",1924
"193","755 SANSOME ST",1927
"194","220 JACKSON ST",1911
"195","2400 3RD ST",1937
"196","505 HOWARD ST",2014
"197","1550 BRYANT ST",1915
"198","1035 HOWARD ST",1930
"199","50 CALIFORNIA ST",1971
"200","2500 18TH ST",1925
"201","251 FRONT ST",1911
"202","51 3RD ST",1970
"203","2 CALIFORNIA ST",1908
"204","2165 MISSION ST",1922
"205","1215 MARKET ST",1911
"206","278 POST ST",1910
"207","228 POST ST",1909
"208","245 VALENCIA ST",1995
"209","126 POST ST",1909
"210","244 JACKSON ST",1913
"211","256 SUTTER ST",1911
"212","119 ELLIS ST",1907
"213","365 VERMONT ST",1984
"214","450 PACIFIC AVE",1906
"215","2598 TAYLOR ST",1986
"216","77 NEW MONTGOMERY ST",1907
"217","2186 GEARY BLVD",1984
"218","133 KEARNY ST",1910
"219","150 OAK ST",1948
"220","141 COLUMBUS AVE",1905
"221","3075 17TH ST",1923
"222","330 ELLIS ST",1930
"223","832 FOLSOM ST",1986
"224","45 POWELL ST",1909
"225","295 BAY ST",1968
"226","530 5TH ST",1925
"227","601 MINNESOTA ST",1937
"228","2000 MCKINNON AVE",1940
"229","240 7TH ST",1955
"230","550 MONTGOMERY ST",1931
"231","1407 9TH AVE",1914
"232","945 FRONT ST",1955
"233","300 DE HARO ST",1984
"234","711 VAN NESS AVE",1984
"235","1881 POST ST",1967
"236","525 BRANNAN ST",1917
"237","2901 PACIFIC AVE",1907
"238","1801 VAN NESS AVE",1920
"239","555 MISSION ST",2008
"240","17 GRANT AVE",1909
"241","990 COLUMBUS AVE",1915
"242","900 7TH ST",1974
"243","146 GEARY ST",1907
"244","4444 GEARY BLVD",1915
"245","439 STEVENSON ST",1924
"246","275 5TH ST",1965
"247","390 BAY SHORE BLVD",1937
"248","182 2ND ST",1909
"249","300 CLAY ST",1967
"250","334 BRANNAN ST",1929
"251","350 MISSION ST",1923
"252","55 GREEN ST",1984
"253","156 2ND ST",1908
"254","875 STEVENSON ST",1975
"255","728 PACIFIC AVE",1985
"256","35 SOUTH PARK",1920
"257","1663 MARKET ST",1921
"258","25 MASON",1911
"259","1650 PACIFIC AVENUE",1922
"260","101 HENRY ADAMS ST",1906
"261","2 LAKE STREET",1926
"262","1700 POST ST",1971
"263","500 POST ST",1987
"264","535 PACIFIC AVE",1907
"265","681 ELLIS ST",1927
"266","1415 BANCROFT AVE",1957
"267","535 SUTTER ST",1921
"268","500 BEACH ST",1974
"269","799 VAN NESS AVE",1917
"270","1530 LOMBARD ST",1977
"271","145 9TH ST",1924
"272","135 4TH ST",0
"273","1818 HARRISON ST",1924
"274","898 PENNSYLVANIA AVE",1979
"275","300 ALEMANY BLVD",1958
"276","350 PARNASSUS AVE",1968
"277","333 BRYANT ST",1920
"278","685 MARKET ST",1906
"279","1825 POST ST",1967
"280","1089 MARKET ST",1920
"281","1360 MISSION ST",0
"282","425 BUSH ST",1908
"283","250 STOCKTON ST",1908
"284","2707 PINE ST",1969
"285","2031 IRVING ST",1950
"286","376 BRANNAN ST",1908
"287","1188 FRANKLIN ST",1973
"288","600 Fillmore St",1906
"289","120 KEARNY",1982
"290","625 MONTEREY BLVD",1942
"291","2741 16TH ST",1942
"292","540 9TH ST",1945
"293","998 INDIANA ST",1960
"294","863 BUSH ST",1911
"295","250 Broadway",1920
"296","245 MARKET STREET",1929
"297","2090 EVANS ST.",1956
"298","1530 BUCHANAN ST",1935
"299","136-138 KING ST",2017
"300","2600 MISSION ST",1920
"301","435 BRANNAN ST",1910
"302","635 PINE ST",1924
"303","660 3RD ST",1902
"304","450 HARRISON ST",1949
"305","1 MARKET ST",1917
"306","57 POST ST",1909
"307","825 MARKET ST",1908
"308","300 Gaven St",1960
"309","342 Columbus Ave",1908
"310","845 MARKET ST",2006
"311","650 HARRISON ST",1940
"312","235 MONTGOMERY ST",1927
"313","3600 GEARY BLVD",1923
"314","53 BLUXOME ST",1917
"315","150 GREEN ST",1919
"316","352 OCEAN AVE",1921
"317","505 SANSOME ST",1981
"318","25 14TH ST",1924
"319","1278 INDIANA ST",2004
"320","1095 MARKET ST",1905
"321","5815 3RD ST",1925
"322","658 MISSION ST",1906
"323","1300 BRYANT ST",1962
"324","2395 Golden Gate Ave",1921
"325","620 4TH ST",1907
"326","445 HAMPSHIRE ST",1924
"327","1409 SUTTER ST",1881
"328","256 FRONT ST",2000
"329","2000 VAN NESS AVE",1909
"330","5 EMBARCADERO CENTER",1972
"331","425 BRANNAN ST",1924
"332","184 Hooper St",2008
"333","100 HARRISON ST",1942
"334","730 POLK ST",1922
"335","1095 Hyde",1961
"336","507 POLK ST",1910
"337","1315 EGBERT AVE",1985
"338","3250 VAN NESS AVE",0
"339","201 ALABAMA ST",0
"340","417 31ST AVE",1922
"341","1683 GALVEZ AVE",1993
"342","470 COLUMBUS AVE",1936
"343","415 OFARRELL ST",1908
"344","201 FILBERT ST",1984
"345","901 CALIFORNIA ST",1971
"346","415 MISSION ST",2018
"347","139 TOWNSEND ST",1909
"348","1400 16TH ST",1938
"349","1675 HOWARD ST",1905
"350","633 HOWARD ST",1910
"351","700 TOLAND ST.",1968
"352","2 HENRY ADAMS ST",1915
"353","2550 VAN NESS AVE",1959
"354","3101 3RD ST",1985
"355","1600 TENNESSEE ST",1965
"356","240 KEARNY ST",1906
"357","601 GRANT AVE",1907
"358","1100 OAK ST",1983
"359","847 SANSOME ST",1983
"360","2900 ALEMANY BLVD",1961
"361","1800 SUTTER ST",1975
"362","2 EMBARCADERO CENTER",1974
"363","149 9TH ST",1923
"364","212 STOCKTON ST",1987
"365","343 SANSOME ST",1991
"366","281 Masonic Ave",1911
"367","130 BUSH ST",1910
"368","1083 MARKET ST",1912
"369","1878 HAIGHT ST.",1961
"370","442 POST ST",1925
"371","410 BUSH ST",1915
"372","2850 ALEMANY BLVD",0
"373","340 STOCKTON ST",1984
"374","10 GEARY ST",1907
"375","1355 FAIRFAX AVE",1987
"376","132 GEARY ST",1908
"377","790 ELLIS ST",0
"378","550 3RD ST",1921
"379","4840 MISSION ST",1925
"380","750 BATTERY ST",1986
"381","3050 23RD ST",1964
"382","455 MARKET ST",1900
"383","1585 FOLSOM ST",1926
"384","8 MISSION ST",2004
"385","1745 FOLSOM ST",1942
"386","205 2ND ST",1906
"387","1500 OWENS ST",2009
"388","530 BUSH ST",1982
"389","900 KEARNY ST",1989
"390","529 COMMERCIAL ST",0
"391","750 MARKET ST",1908
"392","1230 MARKET ST",1907
"393","2120 Polk St",1928
"394","455 9TH ST",1924
"395","1595 VAN NESS AVE",1913
"396","345 CALIFORNIA ST",1987
"397","690 POTRERO AVE",1932
"398","350 BRANNAN ST",1929
"399","660 CALIFORNIA ST",1966
"400","1300 COLUMBUS AVE",1970
"401","1160 BATTERY ST",1982
"402","1200 MISSISSIPPI ST",1986
"403","2600 16TH ST",2001
"404","525 HARRISON ST",1982
"405","501 POST STREET",1970
"406","925 STOCKTON ST",1907
"407","490 2ND ST",1924
"408","737 BEACH ST",1948
"409","386 GEARY ST",1909
"410","2835 GEARY BLVD",1981
"411","536 MISSION ST",0
"412","145 NATOMA ST",1971
"413","2300 SUTTER ST",1965
"414","180 TOWNSEND ST",1900
"415","99 BATTERY ST",1908
"416","17 BLUXOME ST",0
"417","5290 DIAMOND HEIGHTS BLVD",1964
"418","1444 MARKET ST",1913
"419","420 SUTTER ST",1909
"420","1234 INDIANA ST",1969
"421","215 FREMONT ST",1928
"422","43 COLUMBIA SQUARE ST",0
"423","120 MONTGOMERY ST",1955
"424","3000 16TH ST",1910
"425","201 POST ST",1909
"426","60 SPEAR ST",1967
"427","150 EXECUTIVE PARK BLVD",1982
"428","114 SANSOME ST",1908
"429","233 POST ST",1908
"430","475 BRANNAN ST",1908
"431","1528 PINE ST",1922
"432","141 INDUSTRIAL ST",1960
"433","151 3RD ST",2015
"434","285 WINSTON DR",1988
"435","650 5TH ST",1924
"436","116 NATOMA ST",1910
"437","1301 SANSOME ST",1907
"438","1275 FAIRFAX AVE",1986
"439","491 POST ST",1913
"440","1750 CESAR CHAVEZ",1986
"441","1050 SANSOME ST",1906
"442","350 RHODE ISLAND ST - SOUTH",2002
"443","3001 TARAVAL ST",1946
"444","364 BUSH ST",1907
"445","1875 MARIN ST",2003
"446","255 CALIFORNIA ST",1958
"447","4 EMBARCADERO CENTER",1979
"448","55 FRANCISCO ST",0
"449","3700 GEARY BLVD",1900
"450","1334 STOCKTON ST",1907
"451","19 STOCKTON ST",1910
"452","1025 MARKET ST.",0
"453","149 BLUXOME ST",1916
"454","260 TOWNSEND ST",1986
"455","535 MISSION ST",2014
"456","455 FRANKLIN ST",1983
"457","1019 CLEMENT ST",1919
"458","835 HOWARD ST",1907
"459","942 MISSION ST",1929
"460","44 GOUGH ST",1906
"461","100 CALIFORNIA ST",1959
"462","500 TERRY FRANCOIS BLVD",2008
"463","982 MARKET ST",0
"464","3905 SACRAMENTO ST",1960
"465","1200 VAN NESS AVE",1911
"466","533 SUTTER ST",1921
"467","2055 FOLSOM ST",1980
"468","425 NORTH POINT ST",1990
"469","2700 3RD ST",1970
"470","601 EDDY ST",1956
"471","323 PACIFIC AVE",1907
"472","1600 DONNER AVE",1962
"473","101 WILLIAMS AVE",1946
"474","3140 MISSION ST",1929
"475","40 JESSIE ST",1913
"476","649 GREEN ST",1907
"477","4041 GEARY BLVD",1947
"478","299 SECOND STREET",1900
"479","195 ERIE ST",1953
"480","111 TOWNSEND ST",1911
"481","405 HOWARD ST",2003
"482","655 BEACH ST",1973
"483","325 BROADWAY",1921
"484","574 PACIFIC AVE",1907
"485","1990 OCEAN AVE",1930
"486","2 CONNECTICUT ST",1922
"487","490 GEARY ST",1912
"488","695 MINNESOTA ST",1948
"489","640 SUTTER ST",1916
"490","2225 FOLSOM ST",1946
"491","1350 17th St",1979
"492","1355 FRANKLIN ST",1905
"493","860 EDDY ST",1959
"494","234 FRONT ST",1927
"495","2030 HARRISON ST",1907
"496","311 CALIFORNIA ST",1910
"497","874 HARRISON ST",1922
"498","959 MISSION ST",1906
"499","2351 Clay St",1972
"500","550 KEARNY ST",1975
"501","510 TOWNSEND ST",2017
"502","55 UNION ST",1900
"503","1161 MISSION ST",1924
"504","1621 MARKET ST",2021
"505","530 HOWARD ST",1908
"506","250 BRANNAN ST",1907
"507","1900 VAN NESS AVE",1919
"508","2055 BRYANT ST",0
"509","141 2ND ST",1907
"510","151 UNION ST",1914
"511","548 4TH ST",1919
"512","5655 MISSION ST",1939
"513","801 MONTGOMERY ST",1987
"514","560 BARNEVELD AVE",1955
"515","363 CLEMENTINA ST",1957
"516","595 Buckingham Way",1948
"517","680 CALIFORNIA ST",1906
"518","375 ALABAMA ST",1926
"519","28 2ND ST",1914
"520","1450 LOMBARD ST",1968
"521","55 2ND ST",2002
"522","500 3RD ST STE. 505",1927
"523","360 BAY ST",1968
"524","340 PINE ST",1928
"525","201 CALIFORNIA ST",1980
"526","678 GREEN ST",1912
"527","600 BATTERY ST",1927
"528","131 STEUART ST",1907
"529","153 TOWNSEND ST",2002
"530","25 POINT LOBOS AVE",1996
"531","1881 PINE ST",1937
"532","408 COLUMBUS AVE",1924
"533","555 CALIFORNIA ST",1969
"534","2203 3RD ST",1919
"535","500 2ND ST",1919
"536","700 EDDY ST",1965
"537","1 GRANT AVE",1910
"538","608 FOLSOM ST",1922
"539","720 MARKET ST",1990
"540","123-131 10th St.",1929
"541","661 BROADWAY",1963
"542","51 GRANT AVE",1909
"543","33 NEW MONTGOMERY ST",1986
"544","1126 HOWARD ST",1930
"545","110 Sutter Street",1906
"546","2727 MARIPOSA ST.",1923
"547","353 SACRAMENTO ST",1982
"548","1061 MARKET ST",1910
"549","417 MONTGOMERY ST",1936
"550","565 SOUTH VAN NESS AVE",1955
"551","2700 45TH AVE",1974
"552","150 HAYES ST",1968
"553","225 POST ST",1909
"554","1500 HOWARD ST",1930
"555","1 ARKANSAS ST",1922
"556","550 TERRY FRANCOIS STREET",2002
"557","625 SUTTER ST",1921
"558","425 BATTERY ST",0
"559","350 TREAT AVE",1944
"560","624 VALLEJO ST",1900
"561","1137 FOLSOM ST",1984
"562","114 POWELL ST",1908
"563","1111 17TH ST",1948
"564","1375 MISSION ST",1929
"565","200 BUSH ST",1912
"566","2141 Chestnut St",1928
"567","640 2ND ST",1925
"568","345 STOCKTON ST",1972
"569","1045 SANSOME ST",1926
"570","366-370 TURK ST",1923
"571","2140 WEBSTER ST",1987
"572","770 GOLDEN GATE AVE",1973
"573","2180 HARRISON ST",1989
"574","531 BRYANT ST",1918
"575","645 BRYANT ST",1954
"576","544 2ND ST",1923
"577","633 FOLSOM ST",1967
"578","1430 VAN NESS",1912
"579","2850 VAN NESS AVE",1955
"580","185 BERRY ST",1920
"581","2550 MISSION ST",1907
"582","44 PAGE ST",1912
"583","1663 MISSION ST",1925
"584","580 GEARY ST",1913
"585","2001 VAN NESS AVE",1920
"586","901 BATTERY ST",1923
"587","750 FLORIDA ST",1923
"588","1182 MARKET ST",1925
"589","3175 18TH ST",1947
"590","2480 MISSION ST",1973
"591","612 ALABAMA ST",1914
"592","1240 MARKET ST",1908
"593","657 COMMERCIAL ST",1907
"594","303 2ND ST",1988
"595","2790 MISSION ST",1917
"596","1201 EVANS AVE",1986
"597","216 PINE ST",1907
"598","37 Grove St",1924
"599","640 SACRAMENTO ST",1907
"600","1540 MARKET ST",1920
"601","840 BATTERY ST",1931
"602","3950 19TH AVE",1953
"603","1701 VAN NESS AVE",1917
"604","400 NORTH POINT ST",1958
"605","498 Castro St",1900
"606","1900 UNION ST",1970
"607","132 HAWTHORNE ST",1948
"608","128 KING ST",1913
"609","80 CAROLINA ST",1984
"610","1189 POTRERO AVE",1997
"611","745 Clement St",2002
"612","1661 MISSION ST",1935
"613","1900 NORIEGA ST",1975
"614","101 TOWNSEND ST",1913
"615","400 MONTGOMERY ST",1901
"616","77 BATTERY ST",1907
"617","200 CALIFORNIA ST",1988
"618","960 HOWARD ST",1920
"619","200 W Portal Ave",1931
"620","870 MARKET ST",1907
"621","555 FLORIDA ST",1923
"622","710 SANSOME ST",1907
"623","3 EMBARCADERO CENTER",1976
"624","55 NATOMA ST",1908
"625","1717 HARRISON ST",0
"626","1400 VAN NESS AVE",1913
"627","88 1ST ST",1907
"628","552 BRANNAN ST",1923
"629","2500 16th St.",1925
"630","135 MAIN ST",0
"631","222 SUTTER ST",1908
"632","1475 MISSION ST",1975
"633","101 MARKET ST",1982
"634","50 FREMONT ST",1985
"635","325 BATTERY ST",1989
"636","450 SUTTER ST",1929
"637","587 Eddy Street",1925
"638","77 FEDERAL ST",2020
"639","495 GEARY ST",1913
"640","321 11TH ST",1907
"641","77 STILLMAN ST",1944
"642","875 HOWARD ST",1920
"643","690 5TH ST",1983
"644","220 SAN BRUNO AVE",1961
"645","1050 BATTERY ST",1907
"646","1212 MARKET ST",1907
"647","336-344 Mason Street",1968
"648","717 BATTERY ST",1907
"649","1320 GOLDEN GATE AVE",1941
"650","730 HARRISON ST",1988
"651","2450 17TH ST",1913
"652","231 GRANT AVE",1907
"653","391 SUTTER ST",1908
"654","405 TAYLOR ST",1924
"655","375 NEWHALL ST",1988
"656","415 GEARY ST",1909
"657","121 STEUART ST",1984
"658","1000 BRANNAN ST",1924
"659","620 FOLSOM ST",1922
"660","4800 MISSION ST",1952
"661","1475 LOMBARD ST",1971
"662","1730 VAN NESS AVE",1919
"663","2235 HAYES ST",1966
"664","2150 CESAR CHAVEZ ST",1942
"665","325 MASON",1955
"666","3101 19TH ST",1913
"667","302 ELLIS ST",1930
"668","475 6TH ST",1927
"669","1035 MARKET ST",1912
"670","1750 HARRISON ST.",1996
"671","2552 TAYLOR ST",1986
"672","2000 FOLSOM ST",0
"673","2015 STEINER ST",1907
"674","999 BRANNAN ST",1986
"675","2350 NORIEGA ST",1986
"676","231 SANSOME ST",1925
"677","921 FRONT ST",1900
"678","217 SANSOME ST",1908
"679","444 BATTERY ST",1967
"680","660 MARKET ST",1924
"681","1601 22ND AVE",1939
"682","250 BEACH ST",1963
"683","836 BRANNAN ST",2001
"684","1072 MARKET ST",1911
"685","1049 MARKET ST",1907
"686","350-360 9TH ST",1920
"687","1067 MARKET ST",1924
"688","948 MARKET ST",1907
"689","2599 LOMBARD ST",1957
"690","541 8TH ST",1937
"691","1701 MONTGOMERY ST",1906
"692","651 BRANNAN ST",1911
"693","49 GEARY STREET",1912
"694","607 FRONT ST",1906
"695","2574 SAN BRUNO AVE",2010
"696","121 7TH ST",1961
"697","1111 8TH ST",0
"698","290 7TH ST",1926
"699","1901 LOMBARD ST",1984
"700","525 MARKET ST",1973
"701","1390 SILVER AVE",1964
"702","555 BEACH ST",1951
"703","50 GREEN ST",1907
"704","1750 ALAMEDA ST",1948
"705","1145 MARKET ST",1990
"706","1100 CESAR CHAVEZ ST",1949
"707","398 11TH ST",1916
"708","2460 MISSION ST",1968
"709","6333 GEARY BLVD",1957
"710","1700 Egbert Ave",1997
"711","2238 GEARY BLVD",1999
"712","390 4TH ST",1924
"713","2130 FULTON ST",1921
"714","2 BRYANT ST",1937
"715","1580 VALENCIA ST",2018
"716","445 BUSH ST",1905
"717","One Post Street",1969
"718","2750 19TH ST",1907
"719","1745 CALIFORNIA ST",1900
"720","2445 Golden Gate Ave",1921
"721","609 SUTTER ST",1927
"722","3201 CALIFORNIA ST",2000
"723","1363 DIVISADERO ST",1926
"724","865 MARKET ST",1908
"725","2340 CLAY ST",1920
"726","1501 LOMBARD ST",1954
"727","420 TAYLOR ST",1942
"728","940 BATTERY ST",1917
"729","315 MONTGOMERY ST",1921
"730","680 2ND ST",1913
"731","3535 BALBOA ST",1947
"732","300 MONTGOMERY ST",1918
"733","854 FOLSOM ST",1926
"734","199 Fremont St",0
"735","323 GEARY ST",1908
"736","1000 VAN NESS AVE",1920
"737","2499 OCEAN AVE",1977
"738","101 CARGO WAY",1981
"739","3450 3RD ST #2 A",1987
"740","1040 COLUMBUS AVE",1950
"741","1250 TENNESSEE ST",1965
"742","48 STOCKTON ST",1909
"743","2323 Sacramento St",1965
"744","690 FOLSOM ST",1926
"745","1469 PACIFIC AVE",1921
"746","624 TAYLOR ST",1934
"747","466 GEARY ST",1922
"748","4767 MISSION ST",1935
"749","606 HOWARD ST",1904
"750","495 JEFFERSON ST",1907
"751","5644 GEARY BLVD",1931
"752","1833 FILLMORE ST",1916
"753","1695 MISSION ST",1951
"754","1401 HOWARD ST",1902
"755","1699 VAN NESS AVE",1919
"756","1263 MISSION ST",1924
"757","1395 EVANS AVE",1941
"758","20 CALIFORNIA ST",1908
"759","1600 JACKSON ST",1908
"760","625 TOWNSEND ST",2002
"761","499 JACKSON ST",1965
"762","1142 VAN NESS AVE",1909
"763","748 MISSION ST",1900
"764","180 MONTGOMERY ST",1978
"765","122 15TH ST",1947
"766","1233 VAN NESS AVE",1913
"767","188 EMBARCADERO",1986
"768","691 MARKET ST",1909
"769","345 WILLIAMS AVE",1964
"770","1595 SLOAT BLVD",1993
"771","20 HERON ST",1931
"772","644 BROADWAY",1985
"773","2587 Marin Street",1986
"774","750 POST ST",1914
"775","1015 GEARY ST",1925
"776","135 POST ST",1908
"777","522 2ND ST",1923
"778","625 3RD ST",1909
"779","160 FOLSOM ST",1951
"780","444 MARKET ST",1981
"781","1065 COLUMBUS AVE",1976
"782","450 GEARY ST",1922
"783","1100 MARKET ST",1909
"784","550 15TH ST",1906
"785","562 SUTTER ST",1907
"786","2775 VAN NESS AVE",1972
"787","750 KEARNY ST",1970
"788","2001 BRYANT ST",1943
"789","4610 MISSION ST",1963
"790","580 YORK ST",1918
"791","1445 BUSH ST",1915
"792","55 5TH ST",1913
"793","101 2ND ST",2000
"794","383 RHODE ISLAND ST",1924
"795","351 9TH ST",1929
"796","38 TEHAMA ST",0
"797","400 2ND ST",1917
"798","234 STOCKTON ST",1908
"799","74 OTIS ST",1916
"800","1320 VAN NESS AVE",1909
"801","330 TOWNSEND ST",1985
"802","3490 SACRAMENTO ST",1977
"803","40 GOLD ST",1910
"804","3146 MISSION ST",1949
"805","34 MASON ST",1907
"806","2576 LOMBARD ST",1940
"807","1425 FOLSOM ST",1936
"808","2020 MARKET ST",1954
"809","100 BATTERY ST",1956
"810","205 Franklin Street",2013
"811","120 STOCKTON ST",1974
"812","6221 GEARY BLVD",1969
"813","899 HOWARD ST",1920
"814","240 SHOTWELL ST",1938
"815","700 VAN NESS",0
"816","1600 STOCKTON ST",1927
"817","444 PRESIDIO AVE",1962
"818","550 GEARY ST",1929
"819","3185 WASHINGTON ST",1921
"820","700 7TH ST",1905
"821","444 TOWNSEND ST",1923
"822","667 MISSION ST",1909
"823","601 MARKET ST",1917
"824","101 HOWARD ST",1968
"825","2435 CALIFORNIA ST",1941
"826","1301 MARKET ST",1937
"827","726 SUTTER ST",0
"828","1075 California St",1924
"829","511 HARRISON ST",1930
"830","850 MONTGOMERY ST",1970
"831","2601 MISSION ST",1962
"832","188 SPEAR ST.",1973
"833","1620 MONTGOMERY ST",1907
"834","642 HARRISON ST",1925
"835","901 MARKET ST",1912
"836","544 GOLDEN GATE AVE",1911
"837","617 MISSION ST",1908
"838","361 BRANNAN ST",1928
"839","1515 SLOAT BLVD",1992
"840","1700 OWENS ST",2007
"841","645 HARRISON ST",1948
"842","944 FOLSOM ST",1936
"843","1111 MARKET ST",1920
"844","539 BRYANT ST",1912
"845","685 7TH ST",1946
"846","25 KEARNY ST",1909
"847","25 CYRIL MAGNIN ST",1973
"848","170 SOUTH VAN NESS AVE",1936
"849","955 INDIANA ST",1961
"850","2675 FOLSOM ST",1952
"851","351 CALIFORNIA ST",1920
"852","464 CALIFORNIA ST",1959
"853","3003 3RD ST",1940
"854","725 GREENWICH ST",1985
"855","1885 MISSION ST",1925
"856","2500 MASON ST",1974
"857","222 STANYAN ST",1929
"858","155 STEUART ST",1906
"859","1200 IRVING ST",1959
"860","50 OSGOOD PL",1986
"861","2601 MARIPOSA ST",1989
"862","1155 INDIANA ST",1965
"863","1563 PAGE ST",2020
"864","705 SANSOME ST",1906
"865","1075 FRONT ST",1906
"866","166 GEARY ST",1907
"867","260 CALIFORNIA ST",1910
"868","340 POST ST",1923
"869","575 SUTTER ST",1919
"870","181 Fremont St",2018
"871","575 MARKET ST",1975
"872","444 SPEAR ST",1939
"873","155 Montgomery St",1921
"874","4950 MISSION ST",1980
"875","474 VALENCIA ST.",1949
"876","100 PINE ST",1971
"877","171 2ND ST",1912
"878","1400 Folsom Street",1924
"879","868 FOLSOM ST",1935
"880","1255 Battery St",1981
"881","1501 DIVISADERO ST",1938
"882","665 3RD ST",1916
"883","144 LEAVENWORTH ST",1922
"884","2135 SUTTER ST",1906
"885","625 POLK ST",1912
"886","2401 INGALLS ST",1964
"887","476 GEARY ST",1911
"888","3800 GEARY BLVD",1921
"889","2190 LOMBARD ST",1988
"890","617 BATTERY ST",1906
"891","2140 FOLSOM ST",1916
"892","841 HOWARD ST",1923
"893","420 BRYANT ST",1922
"894","600 CALIFORNIA ST",1991
"895","583 HOWARD ST",1912
"896","1234 DIVISADERO ST",1981
"897","3180 22ND ST",1926
"898","384 POST ST",1980
"899","355 BRANNAN ST",1928
"900","992 PERALTA AVE",1948
"901","1412 VAN NESS AVE",1913
"902","2700 GEARY BLVD",1923
"903","133 GOLDEN GATE AVE",0
"904","55 4TH ST",1989
"905","490 POST ST.",1925
"906","850 VAN NESS AVE",1919
"907","550 SUTTER ST",1909
"908","1527 STOCKTON ST",1915
"909","535 JESSIE ST",1907
"910","2310 MASON ST",1968
"911","1715 CORTLAND AVE",1937
"912","799 MARKET ST",1968
"913","540 MARKET ST",1913
"914","655-675 SOUTH VAN NESS AVE",1958
"915","720 CALIFORNIA ST",1926
"916","1 CLEMENT ST",1908
"917","611 MISSION ST",1907
"918","3450 3RD ST #2 B",1987
"919","560 SACRAMENTO ST",1909
"920","3330 GEARY BLVD",1922
"921","1001 BRANNAN ST",1917
"922","500 INDIANA ST",1999
"923","845 BUSH ST",1915
"924","2020 VAN NESS AVE",1915
"925","201 SPEAR ST",1986
"926","350 SANSOME ST",1952
"927","120 2ND ST",1907
"928","1241 EVANS AVE",1990
"929","680 FOLSOM ST",1964
"930","385 8TH ST",1906
"931","280 TOWNSEND ST",1947
"932","580 CALIFORNIA ST",1984
"933","1001-1011 BRYANT ST",2010
"934","200 GREEN ST",1923
"935","3490 California Street",2000
"936","98 BATTERY ST",1907
"937","1270 GREAT HWY",1956
"938","1524 Polk St",1906
"939","1260 EGBERT AVE",1987
"940","701 BRYANT ST",1926
"941","2501 Cesar Chavez St",1925
"942","2929 19TH ST",1923
"943","1405 INDIANA ST",1962
"944","730 TARAVAL ST",1900
"945","220 BUSH ST",1930
"946","888 BRANNAN ST",1920
"947","3001 19TH ST",1905
"948","1737 POST STREET",1967
"949","66 POTRERO AVE",1956
"950","1200 FOLSOM ST",1925
"951","980 MISSION ST",1924
"952","56 12TH ST",1912
"953","30 HOTALING PL",1933
"954","451 JACKSON ST",1900
"955","210 POST STREET",1905
"956","601 MONTGOMERY ST",1978
"957","2211 PALOU AVE",1947
"958","1237 MINNESOTA ST",1929
"959","699 8TH ST",1990
"960","222 FRONT ST",1988
"961","100 BUSH ST",1929
"962","555 DE HARO ST",1900
"963","116 NEW MONTGOMERY ST",1901
"964","20 HAIGHT ST",1959
"965","595 SUTTER ST",1919
"966","135 POWELL ST",1909
"967","191 SUTTER ST",1911
"968","101 BROADWAY",1909
"969","2765 16TH ST",1929
"970","1155 Bryant St",1919
"971","250 EXECUTIVE PARK BLVD",1986
"972","1098 Harrison St",1924
"973","301 MENDELL ST",1979
"974","425 MARKET ST",1973
"975","4350 GEARY BLVD",1937
"976","221 MAIN ST",1973
"977","175 TURK ST",1925
"978","351 GEARY ST",1907
"979","3132 CLEMENT ST",2002
"980","117 POST ST",1906
"981","501 2ND ST",1985
"982","930 MONTGOMERY ST",1927
"983","54 4TH ST",1914
"984","1800 Owens St",2018
"985","2801 VICENTE ST",1959
"986","570 MARKET ST",1922
"987","340 TOWNSEND ST",1987
"988","200 RHODE ISLAND ST",1912
"989","230 8TH ST",1906
"990","500 WASHINGTON ST",1983
"991","590 BAY ST",1974
"992","369 PINE ST",1918
"993","1167 MISSION ST",1917
"994","300 South Van Ness Ave",2015
"995","1199 BUSH ST",1991
"996","49 STEVENSON ST",1989
"997","225 POWELL ST",1908
"998","39 NEW MONTGOMERY ST",1912
"999","350 MASONIC AV",2021
"1000","1177 HARRISON ST",1919
"1001","55 HAWTHORNE ST",1970
"1002","2034 FILLMORE ST",1900
"1003","185 POST ST",1907
"1004","1 HARRISON ST",1918
"1005","440 MISSION ST",1920
"1006","150 POWELL ST",1995
"1007","1 BEACH ST",1971
"1008","301 8TH ST",1914
"1009","2375 Golden Gate Ave",1921
"1010","12 4TH ST",1999
"1011","301 HOWARD ST",1987
"1012","222 SANSOME ST",1987
"1013","939 ELLIS ST",1961
"1014","85 5TH ST",1923
"1015","135 GOLDEN GATE AVE",1906
"1016","455 MISSION BAY BLVD SOUTH",2009
"1017","460 BRYANT ST",1907
"1018","560 9TH ST",1925
"1019","582 MARKET ST",1922
"1020","190 10th Street",1924
"1021","1040 GRANT AVE",1959
"1022","165 OFARRELL ST",1908
"1023","269 POTRERO AVE",1924
"1024","2744 HYDE ST",1956
"1025","1500 CUSTER AVE",1960
"1026","123 LOOMIS ST",1953
"1027","475 SANSOME ST",1900
"1028","525 4TH ST",1924
"1029","82 1ST ST",1908
"1030","121 CAPP ST",1946
"1031","25 DIVISION ST",1950
"1032","1 LOMBARD ST",1904
"1033","2301 MISSION ST",1911
"1034","440 POST ST",1910
"1035","550 North Point St",2001
"1036","115 WISCONSIN ST",1916
"1037","3360 GEARY BLVD",1969
"1038","2 Folsom St",2000
"1039","20 OFARRELL ST",1909
"1040","2801 LEAVENWORTH ST",1907
"1041","2600 SLOAT BLVD",1990
"1042","259 7TH ST",1900
"1043","680 8TH ST",1960
"1044","790 MARKET ST",1907
"1045","2398 JERROLD AVE",1983
"1046","501 3RD ST",1920
"1047","501 FOLSOM ST",1916
"1048","1355 SANSOME ST",1982
"1049","71 2ND ST",1898
"1050","900 MARIN ST",1953
"1051","36 2ND ST",1907
"1052","1388 SUTTER ST",1986
"1053","515 FOLSOM ST",1918
"1054","240 2ND ST",1957
"1055","2650 18TH ST",1931
"1056","1 LAWRENCE AVE",1993
"1057","2919 MISSION ST",1907
"1058","555 Minnesota St",1947
"1059","1250 VAN DYKE AVE",0
"1060","235 2ND ST",2001
"1061","2401 17TH ST",1909
"1062","1050 VAN NESS AVE",1909
"1063","2215 REVERE AVE",1953
"1064","2664 MISSION ST",1900
"1065","1819 EGBERT AVE",1983
"1066","945 VAN NESS AVE",1937
"1067","333 BATTERY ST",1989
"1068","3100 WEBSTER ST",1956
"1069","290 SUTTER ST",1908
"1070","222 Second Street",2016
"1071","1415 VAN NESS AVE",1900
"1072","555 MONTGOMERY ST",1985
"1073","50 8TH ST",1969
"1074","200 SANSOME ST",1927
"1075","1455 MARKET STREET",1979
"1076","175 GOLDEN GATE AVE",1899
"1077","424 TOWNSEND ST",1936
"1078","28 GEARY ST",1908
"1079","1970 INNES AVE",1965
"1080","620 POST ST",1910
"1081","1359 PINE ST",1969
"1082","350 CALIFORNIA",1976
"1083","471 PINE ST",1911
"1084","135 MISSISSIPPI ST",1984
"1085","449 POWELL ST",1913
"1086","429 Beale St",1951
"1087","655 BROTHERHOOD WAY",1980
"1088","110 THE EMBARCADERO",1984
"1089","21 SOUTH PARK",1919
"1090","138 6TH ST",1907
"1091","201 THIRD ST",1983
"1092","810 MISSION ST",1925
"1093","2343 FILLMORE STREET",1924
"1094","465 CALIFORNIA ST",1903
"1095","1300 ILLINOIS ST",1957
"1096","600 STOCKTON ST",1908
"1097","3450 3RD ST #1 D",1987
"1098","1554 VAN NESS AVE",1917
"1099","201 MISSION ST",1981
"1100","12 SOUTH VAN NESS AVE",1927
"1101","601 MISSION ST",1907
"1102","555 MARKET ST",1964
"1103","415 NATOMA ST",2022
"1104","855 BATTERY ST",1907
"1105","300 NEWHALL STREET",1979
"1106","787 BRANNAN ST",1900
"1107","1201 FOLSOM ST",1928
"1108","800 2ND ST",1900
"1109","1170 MARKET ST",1983
"1110","2690 MISSION ST",1953
"1111","334 MASON ST",1912
"1112","170 COLUMBUS AVE",1985
"1113","2500 MARIN ST",1959
"1114","1453 MISSION ST",1913
"1115","800 MARKET ST",1908
"1116","761 POST ST",1930
"1117","1850 CESAR CHAVEZ ST",1989
"1118","505 BEACH ST",1950
"1119","570 TOWNSEND ST",1960
"1120","175 DE HARO ST",1946
"1121","855 SACRAMENTO ST",1925
"1122","610 GEARY ST",1907
"1123","910 HARRISON ST",1927
"1124","491 BAYSHORE BLVD",2010
"1125","1 SANSOME ST",1983
"1126","929 MARKET ST",1907
"1127","251 RHODE ISLAND ST",1925
"1128","6222 GEARY BLVD",1965
"1129","1025 COLUMBUS AVE",1931
"1130","245 11TH ST",1917
"1131","220 NEWHALL ST",1979
"1132","153 KEARNY ST",1909
"1133","1900 PACIFIC AVE",1970
"1134","1 EMBARCADERO CENTER",1970
"1135","900 BATTERY ST",1917
"1136","1355 VAN NESS AVE",1916
"1137","1790 YOSEMITE AVE",1946
"1138","401 WASHINGTON ST",1983
"1139","166 GOLDEN GATE AVE",1908
"1140","1975 POST ST",2001
"1141","888 HOWARD ST",0
"1142","1849 VAN NESS AVE",1920
"1143","500 HOWARD ST",2003
"1144","2950 GEARY BLVD",1946
"1145","333 Pine Street",1917
"1146","45 KEARNY ST",1907
"1147","250 4TH ST",1947
"1148","220 9TH ST",1924
"1149","250 MONTGOMERY ST",1986
"1150","80 ELMIRA ST",1954
"1151","560 PACIFIC AVE",1910
"1152","2530 18TH ST",1924
"1153","657 HOWARD ST",1922
"1154","599 SKYLINE BLVD",1920
"1155","1173 HOWARD ST",1922
"1156","547 SUTTER ST",1922
"1157","924 SANSOME ST",1911
"1158","217 2ND ST",1912
"1159","445 Fillmore St",1925
"1160","2550 CESAR CHAVEZ ST",1956
"1161","2526 MISSION ST",1926
"1162","407 SANSOME ST",1909
"1163","180-200 NAPOLEON ST",1948
"1164","90 NEW MONTGOMERY ST",1988
"1165","1301 FOLSOM ST",1942
"1166","5757 GEARY BLVD",1967
"1167","1240 MINNESOTA ST",1921
"1168","165 POST ST",1908
"1169","945 BRYANT ST",1964
"1170","649 FRONT ST",1910
"1171","3180 18TH ST",1900
"1172","46 GEARY ST",1907
"1173","825 NEWHALL ST",1951
"1174","500 MENDELL ST",1981
"1175","625 MARKET ST",1907
"1176","121 2ND ST",1907
"1177","2301 CHESTNUT ST",1931
"1178","981 HOWARD ST",1927
"1179","834 DIVISADERO ST",1916
"1180","1400 TENNESSEE ST",1983
"1181","425 WASHINGTON ST",1907
"1182","717 CALIFORNIA ST",1908
"1183","635 PORTOLA DR",1942
"1184","3921 GEARY BLVD",1988
"1185","1405 MINNESOTA ST",1962
"1186","77 MAIDEN LN",1920
"1187","1338 MISSION ST",1923
"1188","616 DIVISADERO ST",1926
"1189","555 NORTH POINT ST",1990
"1190","2800 LEAVENWORTH ST",1978
"1191","230 JONES ST",1924
"1192","44 MONTGOMERY ST",1966
"1193","4109 18TH ST",1918
"1194","333 MARKET ST",1981
"1195","260 OFARRELL ST",1965
"1196","1625 VAN NESS AVE",1919
"1197","222 MASON ST",1988
"1198","410 TOWNSEND ST",1912
"1199","111 NEW MONTGOMERY ST",1907
"1200","50 3RD ST",1983
"1201","230 CALIFORNIA ST",1913
"1202","350 POST ST",1972
"1203","500 CALIFORNIA ST",1927
"1204","150 SPEAR ST",1983
"1205","2225 JERROLD AVE",1982
"1206","1301 EVANS AVE",1986
"1207","275 BRANNAN ST",1906
"1208","1504 BRYANT ST",1900
"1209","1555 MARIPOSA ST",1939
"1210","512 2ND ST",1909
"1211","2400 14TH AVE",1928
"1212","312 SUTTER ST",1909
"1213","447 SUTTER ST",1916
"1214","1133 POST ST",1917
"1215","950 Mason St",1962
"1216","58 FEDERAL ST",1912
"1217","1090 SANSOME ST",1908
"1218","301 PACIFIC AVE",1907
"1219","48 2ND ST",1907
"1220","701 Portola Dr",2013
"1221","428 3RD ST",1917
"1222","101 POST ST",1969
"1223","271 9TH ST",1917
"1224","655 FOLSOM ST",1910
"1225","1007 TARAVAL ST",1931
"1226","134 GOLDEN GATE AVE",1917
"1227","378 18TH AVE",1929
"1228","365 MAIN ST",0
"1229","245 WINSTON DR",1952
"1230","2300 California St",1962
"1231","100 1ST ST",1988
"1232","244 CALIFORNIA ST",1908
"1233","3830 CALIFORNIA ST",1973
"1234","501 GEARY ST",1907
"1235","731 MARKET ST",1908
"1236","3251 20TH AVE",1988
"1237","201 GOLDEN GATE AVE",1920
"1238","222 KEARNY ST",1987
"1239","725 GRANT AVE",1907
"1240","735 BATTERY ST",1982
"1241","589 HOWARD ST",1907
"1242","207 POWELL ST",1906
"1243","285 GEARY ST",1907
"1244","4201 18TH ST",1954
"1245","409 ILLINOIS ST",2008
"1246","433 POWELL ST",1914
"1247","560 MARKET ST",1907
"1248","88 KEARNY ST",1986
"1249","2940 16TH ST",1914
"1250","717 MARKET ST",1908
"1251","75 HAWTHORNE ST",1987
"1252","835 MARKET STREET",0
"1253","2225 MCKINNON AVE",1976
"1254","370 TOWNSEND ST",1923
"1255","1 JONES ST",1907
"1256","725 CESAR CHAVEZ ST",1962
"1257","200-202 POTRERO AVE",1928
"1258","850 LA PLAYA",1971
"1259","555 HOWARD ST",1911
"1260","15 MARINA BLVD",1959
"1261","925 Toland St",1948
"1262","300 BROADWAY",1921
"1263","71 STEVENSON ST",1986
"1264","150 VALENCIA ST",1912
"1265","177 POST ST",1908
"1266","481 JESSIE ST",1907
"1267","34 ELLIS ST",1907
"1268","2151 VAN NESS AVE",1900
"1269","333 OFARRELL ST",0
"1270","235 BAY SHORE BLVD",1927
"1271","2200 JERROLD AVE",1987
"1272","2175 HARRISON ST",1924
"1273","100 POTRERO AVE",1910
"1274","100 NORTH POINT ST",1969
"1275","604 Mission St",1906
"1276","465 GRANT AVE",1922
"1277","1250 COLUMBUS AVE",1984
"1278","5300 3RD STREET",2000
"1279","606 FOLSOM ST",1900
"1280","560 BRANNAN ST",1929
"1281","840 FOLSOM ST",1923
"1282","394 PACIFIC AVE",1907
"1283","500 SANSOME ST",1929
"1284","2000 OAKDALE AVE",1962
"1285","450 POST ST",1924
"1286","631 HOWARD ST",1929
"1287","2770 TAYLOR ST",1966
"1288","375 SUTTER ST",1907
"1289","445 GRANT AVE",1985
"1290","353 BAY SHORE BLVD",1994
"1291","111 SUTTER ST",1926
"1292","2001 UNION ST",1970
"1293","2270 FOLSOM ST",1900
"1294","55 STOCKTON ST",1989
"1295","1575 BURKE AVE",1981
"1296","1240 EGBERT AVE",1987
"1297","635 SUTTER ST",1911
"1298","700 MONTGOMERY ST",1900
"1299","340 BRYANT ST",1932
"1300","3630 BALBOA ST",1925
"1301","200 KANSAS ST",1983
"1302","35 STANFORD ST",1927
"1303","540 POWELL ST",1909
"1304","553 PACIFIC AVE",1907
"1305","1596 HOWARD ST",1926
"1306","909 HYDE ST",1926
"1307","855 HARRISON ST.",1955
"1308","149 NEW MONTGOMERY ST",1907
"1309","800 CESAR CHAVEZ ST",1953
"1310","445 GEARY ST",1922
"1311","1401 YOSEMITE AVE",1962
"1312","1850 Kearny ST",1906
"1313","1245 SOUTH VAN NESS AVE",1959
"1314","625 PINE ST",1950
"1315","2700 19TH ST",1908
"1316","603 BATTERY ST",1907
"1317","2750 VAN NESS AVE",1977
"1318","77 GEARY ST",1929
"1319","40 LAFAYETTE ST",1934
"1320","701 MONTGOMERY ST",1911
"1321","163 EDDY ST",1911
"1322","381 BUSH ST",1907
"1323","507 CLEMENT ST",1910
"1324","250 SUTTER ST",1909
"1325","444 BRYANT ST",1923
"1326","616 GRANT AVE",1900
"1327","845 JACKSON ST",1924
"1328","300 KANSAS ST",1937
"1329","345 W PORTAL AVE",1966
"1330","169 11TH ST",1923
"1331","565 COMMERCIAL ST",1985
"1332","3801 3RD ST",1903
"1333","375 BEALE ST",2002
"1334","345 Brannan St",2016
"1335","750-756 STANYAN ST",1907
"1336","1275 MARKET ST.",1976
"1337","246 1ST ST",1900
"1338","650 7TH ST",1908
"1339","350 TOWNSEND ST",1906
"1340","501 ALABAMA ST",1936
"1341","1 STONESTOWN MALL",1951
"1342","1201 MARKET ST",1964
"1343","1520 STOCKTON ST",1926
"1344","301 BRANNAN ST",1909
"1345","545 POST ST",1913
"1346","358 PINE ST",1928
"1347","735 7TH AVE",2008
"1348","505 MONTGOMERY ST",0
"1349","1660 VAN NESS AVE",1911
"1350","1125 Mission St",1927
"1351","211 SUTTER ST",1907
"1352","75 INDUSTRIAL ST",1956
"1353","3040 LARKIN ST",1925
"1354","1455 STOCKTON ST",1929
"1355","251 POST ST",1908
"1356","4050 19TH AVE",1993
"1357","101 VALLEJO ST",1906
"1358","51 FEDERAL ST",1923
"1359","703 MARKET ST",1908
"1360","560 MISSION ST",2002
"1361","1930 MARKET ST",1954
"1362","155 5TH ST",1973
"1363","10 UNITED NATIONS PLZ",1982
"1364","3540 Geary Blvd",1955
"1365","140 9TH ST",1933
"1366","459 FULTON ST",1969
"1367","575 6TH ST",1956
"1368","1398 BRYANT ST",1900
"1369","1717 MISSION ST",1952
"1370","67 5TH ST",1923
"1371","225 BUSH ST",1921
"1372","520 WASHINGTON ST",1940
"1373","124 SPEAR ST",1918
"1374","100 SPEAR ST",1985
"1375","300 Toland St",1968
"1376","524 SUTTER ST",1914
"1377","150 POST ST",1908
"1378","2025 MCKINNON AVE",1967
"1379","1600 VAN NESS AVE",1913
"1380","100 HOOPER ST",2018
"1381","435 PACIFIC AVE",2002
"1382","838 GRANT AVE",1966
"1383","333 EUCALYPTUS DR",1953
"1384","405 JACKSON ST",1853
"1385","945 MARKET ST",0
"1386","360 3RD ST",1976
"1387","160 SANSOME ST",1965
"1388","1335 WEBSTER ST",1983
"1389","100 THE EMBARCADERO",1889
"1390","827 STOCKTON ST",1914
"1391","2455 Golden Gate Ave",1921
"1392","348 PINE ST",1907
"1393","333 Valencia St",1919
"1394","1625 POST ST",0
"1395","679 3RD ST",1906
"1396","600 MONTGOMERY ST",1971
"1397","995 MARKET ST",1908
"1398","600 HARRISON ST",1989
"1399","54 MINT ST",1907
"1400","601 CALIFORNIA ST",1960
"1401","1707 MARKET ST",1955
"1402","3 MASONIC AVE",1900
"1403","901 VAN NESS AVE",1926
"1404","401 SANSOME ST",1906
"1405","1243 VAN NESS AVE",1913
"1406","4700 GEARY BLVD",1921
"1407","499 ILLINOIS ST",2008
"1408","450 TOLAND ST",1969
"1409","1265 FOLSOM ST",1936
"1410","201 Toland St",1965
"1411","1550 VAN NESS AVE",1973
"1412","466 BUSH ST",2007
"1413","2095 LOMBARD ST",1982
"1414","1430 BUSH ST",1914
"1415","180 NEW MONTGOMERY ST",1920
"1416","595 MARKET ST",1978
"1417","1698 POST ST",1979
"1418","1023 MISSION ST",1919
"1419","650 BUSH ST",1912
"1420","1212 GEARY BLVD",1945
"1421","1 STOCKTON ST",1973
"1422","225 VALENCIA ST",1907
"1423","1069 PENNSYLVANIA AVE",1983
"1424","130 GEARY ST",1984
"1425","1810 Harrison St",1924
"1426","345 TAYLOR ST",1926
"1427","201 8TH ST",1900
"1428","340 BRANNAN ST",1911
"1429","2324 CHESTNUT ST",1937
"1430","1201 BRYANT ST",1927
"1431","2322 LOMBARD ST",1954
"1432","201 KEARNY ST",1910
"1433","39 STOCKTON ST",1909
"1434","1389 UNDERWOOD AVE",1966
"1435","1501 NEWHALL ST",1989
"1436","3900 Balboa St",1948
"1437","600 ALABAMA ST",1911
"1438","895 GEARY ST",1970
"1439","654 MISSION ST",2009
"1440","180 POST ST",1908
"1441","921 HOWARD ST",1924
"1442","456 MONTGOMERY ST",1986
"1443","434 ELLIS ST",1926
"1444","50 FELL ST",1931
"1445","1385 CARROLL AVE",1959
"1446","665 BUSH ST",2000
"1447","2045 EVANS AVE",2002
"1448","155 SANSOME ST",1929
"1449","2001 MISSION ST",1916
"1450","777 DAVIS ST",1927
"1451","400 CALIFORNIA ST",1907
"1452","2 HARRISON ST",1925
"1453","1301 FRANKLIN ST",1995
"1454","2265 LOMBARD ST",1959
"1455","480 2ND ST",1922
"1456","208 UTAH STREET",1911
"1457","2150 Oakdale Ave",1948
"1458","470 PACIFIC AVE",1907
"1459","1800 MISSION ST",1900
"1460","1555 GALVEZ AVE",0
"1461","300 CALIFORNIA ST",1946
"1462","1650 OWENS ST",0
"1463","5200 GEARY BLVD",1966
"1464","3110 OCTAVIA ST",1924
"1465","156 GEARY ST",1907
"1466","135 Townsend Street",1911
"1467","1830 HARRISON ST",1906
"1468","300 GOUGH ST",2000
"1469","2485 MISSION ST",1925
"1470","243 JEFFERSON ST",1937
"1471","1256 MARKET ST",1908
"1472","1601 LANE ST",1949
"1473","448 BRYANT ST",1924
"1474","2276-2282 MARKET ST",1987
"1475","255 SUTTER ST",1908
"1476","934 HOWARD ST",1924
"1477","701 SUTTER ST",1910
"1478","1 MONTGOMERY STREET",1908
"1479","1760 CESAR CHAVEZ ST",1986
"1480","1595 LOMBARD ST",1989
"1481","740 WASHINGTON ST",1907
"1482","1058 HOWARD ST",1927
"1483","430 HOWARD ST",2007
"1484","1301 HARRISON ST",1926
"1485","3950 24TH STREET",1968
"1486","151 10TH ST",1924
"1487","22 PEACE PLZ",1971
"1488","355 11TH ST",1906
"1489","101 BARNEVELD AVE",1975
"1490","2145 MARKET ST",1949
"1491","3150 CALIFORNIA ST",1942
"1492","1656 CALIFORNIA ST",1968
"1493","360 LANGTON ST",1928
"1494","572 FOLSOM ST",1912
"1495","330 7TH AVE",1949
"1496","475 VALENCIA ST",1923
"1497","647 MISSION ST",1907
"1498","500 BUSH ST",1912
"1499","243 ALABAMA STREET",1925
"1500","2601 MASON ST",1959
"1501","140 7TH ST",1980
"1502","1990 FOLSOM ST",1963
"1503","678 MISSION ST",1922
"1504","50 OAK ST",2008
"1505","2101 MISSION ST",1916
"1506","315 BAY ST",1976
"1507","1639 Oak Street",2016
"1508","745 FRANKLIN ST",1953
"1509","1150 THOMAS AVE",1953
"1510","500 MONTGOMERY ST",1918
"1511","434 BRANNAN ST",1929
"1512","444 DE HARO ST",1927
"1513","72 Ellis St",1960
"1514","154 CAPP ST",1922
"1515","86 GOLDEN GATE AVE",1918
"1516","744 MARKET ST",1910
"1517","447 BATTERY ST",1907
"1518","111 POWELL ST",1910
"1519","3320 20TH ST",1920
"1520","112 7TH ST",1911
"1521","1975 MARKET ST",1922
"1522","1320 MARIN ST",1951
"1523","1009 STOCKTON ST",1910
"1524","1313 ARMSTRONG AVE",1960
"1525","20 COSMO PL",1921
"1526","3065 JACKSON STREET",1917
"1527","3201 20TH AVE",0
"1528","1 KEARNY ST",0
"1529","1740 CESAR CHAVEZ",1986
"1530","460 9TH ST",1927
"1531","562 MARKET ST",1923
"1532","140 SANSOME ST",1908
"1533","1485 BAYSHORE BLVD",1927
"1534","480 SUTTER ST",0
"1535","235 PINE ST",1991
"1536","25 RUSSIA AVE",1940
"1537","3543 18TH ST",1906
"1538","375 BRANNAN ST",1979
"1539","1620 STOCKTON ST",1936
"1540","1150 25TH ST",1967
"1541","335 POWELL ST",1904
"1542","33 TURK ST",2022
"1543","1800 FOLSOM ST",1986
"1544","731 SANSOME ST",1911
"1545","200 PAUL AVE",1955
"1546","979 MARKET ST",1907
"1547","611 Second Street",1909
"1548","3350 MISSION ST",1967
"1549","2222 17TH ST",1961
"1550","123 TOWNSEND ST",1903
"1551","300 Treat Ave",1908
"1552","3855 GEARY BLVD",1917
"1553","545 POWELL ST",1909
"1554","364 9TH ST",1955
"1555","2690 Geary Blvd",1923
"1556","144 2ND ST",1908
"1557","1690 FOLSOM ST",1953
"1558","246 POST ST",1908
"1559","900 PENNSYLVANIA AVE",1997
"1560","60 BROADWAY",1902
"1561","98 Mission St",1979
"1562","865 STOCKTON ST",1977
"1563","498 6TH ST",2003
"1564","160 SPEAR ST",0
"1565","150 CALIFORNIA ST",2000
"1566","150 MISSISSIPPI ST",1945
"1567","901 MINNESOTA ST",1940
"1568","17 POWELL ST",1910
"1569","2800 3RD ST",1925
"1570","3060 16TH ST",1908
"1571","945 BATTERY ST",1911
"1572","701 PHELPS ST",1954
"1573","472 TOWNSEND ST",1920
"1574","1301 VAN NESS AVE",1912
"1575","2318 Fillmore St.",1986
"1576","577 2ND ST",1923
"1577","3830 3RD ST",1985
"1578","3398 Mission St",1917
"1579","130 SUTTER ST",1917
"1580","524 POST ST",1912
"1581","250 CLAY ST",1967
"1582","757 MARKET ST",2001
"1583","3200 CALIFORNIA ST",0
"1584","838 MARKET ST",1930
"1585","1754 NORIEGA ST",1946
"1586","39 DRUMM STREET",1912
"1587","1275 MINNESOTA ST",1937
"1588","1635 DIVISADERO ST",1989
"1589","625 2ND ST",1905
"1590","2050 GALVEZ AVE",1968
"1591","1263 HOWARD ST",1936
"1592","2201 VAN NESS AVE",1957
"1593","1 TAYLOR ST",1922
"1594","145 JEFFERSON ST.",2000
"1595","301 PINE ST",1909
"1596","169 STEUART ST",1926
"1597","661 HOWARD ST",1972
"1598","5420 GEARY BLVD",1923
"1599","1244 SUTTER ST",1911
"1600","450 9TH ST",1926
"1601","901 MISSION ST",1924
"1602","1215 FELL ST",1909
"1603","1320 BRYANT ST",2003
"1604","3400 Cesar Chavez",2009
"1605","639 FRONT ST",1906
"1606","267 8TH ST",1911
"1607","101 UTAH ST",1957
"1608","795 FOLSOM ST",1979
"1609","888 TENNESSEE ST",1953
"1610","2425 GEARY BLVD",1952
"1611","2450 SUTTER ST",1911
"1612","1500 16TH ST",1952
"1613","1530 BUSH ST",1916
"1614","1563 MISSION ST",1917
"1615","1900 OAKDALE AVE",1962
"1616","111 ELLIS ST",1907
"1617","275 POST ST",1909
"1618","3130 20TH ST",1949
"1619","348 6TH ST",1924
"1620","1616 16TH ST",1912
"1621","735 MONTGOMERY ST",1924
"1622","333 KEARNY ST",1907
"1623","150 STOCKTON ST.",0
"1624","33 COLUMBUS AVE",1913
"1625","1045 17TH ST",1900
"1626","2299 POST ST",1963
"1627","579 MARKET ST",1907
"1628","781 BEACH ST",1912
"1629","1000 SANSOME ST",1904
"1630","701 BAY SHORE BLVD",1952
"1631","545 SANSOME ST",1930
"1632","85 BLUXOME ST",1900
"1633","984 FOLSOM ST",1928
"1634","1736 STOCKTON ST",1907
"1635","414 MASON ST",1911
"1636","615 GRANT AVE",1907
"1637","450 SANSOME ST",1967
"1638","5260 DIAMOND HEIGHTS BLVD",1964
"1639","1244 MARKET ST",1906
"1640","500 SUTTER ST",1914
"1641","2350 Turk Blvd",1930
"1642","1 POWELL ST",1921
"1643","2505 MARIPOSA ST",1923
"1644","2335 Golden Gate Ave",1921
"1645","1111 JUNIPERO SERRA BLVD",1953
"1646","555 JACKSON ST",2005
"1647","301 Toland St",1942
"1648","2739 TAYLOR ST",1953
"1649","559 SUTTER ST",1921
"1650","451 MONTGOMERY ST",1907
"1651","555 9TH ST",1991
